"","Gene","log2( Max Expression Level )","Raw Gini Index","Normalized Gini Index","p-value"
"gene 593","gene 593",0.97979797979798,0.00445103562468561,0.248058091456232,1.36145028129192e-05
"gene 828","gene 828",0.783488370564373,0.547674716092105,0.199569084832044,0.000416170526986064
"gene 909","gene 909",0.887325028189948,0.137503523749935,0.192671421540472,0.000640119975783354
"gene 618","gene 618",0.859518553251808,0.190795222358842,0.179831299602295,0.00137530516425811
"gene 342","gene 342",0.900057034488397,0.00445103562468561,0.168317146146649,0.00262238086332517
"gene 951","gene 951",0.845861254199603,0.190795222358842,0.16617400055009,0.00294473895960308
"gene 612","gene 612",0.616865269517518,1.40275930467599,0.164231195507602,0.00326737433687834
"gene 765","gene 765",0.875013518722999,0.0762067710757798,0.16313460382648,0.00346320369361062
"gene 891","gene 891",0.639767775010777,1.12617027947986,0.15912949944322,0.00427112698387221
"gene 350","gene 350",0.692245622324309,0.748275385267589,0.157269848838624,0.00470059145488511
"gene 892","gene 892",0.755687308327862,0.486487843800437,0.156029680961392,0.00500800422282751
"gene 652","gene 652",0.850340868516124,0.137503523749935,0.155687261866648,0.00509597914604802
"gene 346","gene 346",0.720852958900193,0.614817025105513,0.155129253488974,0.00524229406179752
"gene 518","gene 518",0.765040032249384,0.438582963928918,0.152593072757553,0.00595545411432817
"gene 693","gene 693",0.788052624753904,0.35173150643757,0.152044730121134,0.00612050933887742
"gene 176","gene 176",0.606742933172466,1.34800812294571,0.148699864151834,0.00721792463788417
"gene 577","gene 577",0.784557771301389,0.35173150643757,0.148549876668619,0.00727096391976853
"gene 360","gene 360",0.858004794027884,0.0762067710757798,0.146125879131365,0.00817707565139065
"gene 270","gene 270",0.83972587429349,0.137503523749935,0.145072267644013,0.00860091287518736
"gene 563","gene 563",0.641996179228706,0.981897404186249,0.145012247435318,0.00862562716364019
"gene 942","gene 942",0.596389602900596,1.41007360149843,0.144464028918621,0.00885426299135784
"gene 108","gene 108",0.854210160164564,0.0762067710757798,0.142331245268045,0.00979502970544725
"gene 825","gene 825",0.456479856817038,0.565803078301991,-0.122605429715384,0.00989678826205208
"gene 981","gene 981",0.796700640609077,0.279701100957027,0.141501968603506,0.010183745444002
"gene 923","gene 923",0.872590145971156,0.00445103562468561,0.140850257629408,0.010498605866878
"gene 731","gene 731",0.361082256136308,1.10896253554671,-0.12122094632177,0.0105591319742644
"gene 526","gene 526",0.746185141260495,0.463364653773145,0.140400262322839,0.0107209318856675
"gene 281","gene 281",0.516959055617962,0.35173150643757,-0.119048839014808,0.0116761162806243
"gene 606","gene 606",0.628245956114899,1.02106670623109,0.135864443316668,0.0132006707314327
"gene 149","gene 149",0.77168140119758,0.35173150643757,0.13567350656481,0.0133151252900643
"gene 508","gene 508",0.427517163372768,0.706180344171974,-0.115968657883891,0.0134352398120272
"gene 661","gene 661",0.867055504341725,0.00445103562468561,0.135315615999977,0.0135319684236192
"gene 670","gene 670",0.800844892951414,0.237785484795579,0.134210866488242,0.0142206607697119
"gene 660","gene 660",0.844819962659292,0.0762067710757798,0.132941047762773,0.0150493568564383
"gene 527","gene 527",0.419910936442835,0.767281887591477,-0.111409267366992,0.0164572860167501
"gene 304","gene 304",0.396096666663952,0.909313250101302,-0.111086236673807,0.0166919087276737
"gene 944","gene 944",0.822892901559076,0.137503523749935,0.1282392949096,0.0184887618715434
"gene 189","gene 189",0.839779287881281,0.0762067710757798,0.127900372984762,0.0187606916963801
"gene 541","gene 541",0.857624781715662,0.00445103562468561,0.125884893373915,0.0204490448903972
"gene 539","gene 539",0.687512734872369,0.629620565493792,0.125761243589919,0.0205566895942983
"gene 120","gene 120",0.468214780924199,0.582979846143503,-0.106199788157565,0.0206051329068111
"gene 512","gene 512",0.856303329503405,0.00445103562468561,0.124563441161658,0.0216245228172548
"gene 485","gene 485",0.790845373112324,0.237785484795579,0.124211346649152,0.0219471887987607
"gene 473","gene 473",0.425849934991992,0.776343103253079,-0.103766357175462,0.0228276421882069
"gene 949","gene 949",0.85469388566279,0.00445103562468561,0.122953997321043,0.0231328173159417
"gene 564","gene 564",0.372345195913977,1.17909879192618,-0.103398227140791,0.0231808484974682
"gene 987","gene 987",0.591688878012043,0.137503523749935,-0.102964728637433,0.0236026612897163
"gene  99","gene  99",0.714999898218348,0.508143934037917,0.120973643462011,0.0251093385338068
"gene 387","gene 387",0.800020497634881,0.190795222358842,0.120333243985369,0.0257780361114376
"gene 668","gene 668",0.579948487627452,1.33149914763862,0.120235144052964,0.0258817756529523
"gene 292","gene 292",0.427296648465977,0.785131421241046,-0.100690346789123,0.0259229120390677
"gene 889","gene 889",0.404127035899305,0.930684339245868,-0.0998496283978664,0.0268275632993723
"gene 762","gene 762",0.605376804566508,1.06738759628786,0.118496227798015,0.0277793980755653
"gene 491","gene 491",0.378444279244936,1.16543913989932,-0.0985743664929727,0.0282500146638569
"gene 926","gene 926",0.797738421736836,0.190795222358842,0.118051168087323,0.0282832910611981
"gene 517","gene 517",0.783304298161921,0.237785484795579,0.11667027169875,0.02989537132614
"gene 536","gene 536",0.628438648368487,0.873729554910392,0.115689834800557,0.0310856247988471
"gene 267","gene 267",0.558969244447463,1.48800486455045,0.114423470911261,0.0326807542360809
"gene 666","gene 666",0.40985777136419,0.925498602148638,-0.0948878702771625,0.0327188472802117
"gene 932","gene 932",0.551048463401636,0.317452308288252,-0.0940871443131024,0.0337628512976463
"gene 349","gene 349",0.390367990228158,1.09043598937032,-0.0938546160765149,0.0340711115102224
"gene 118","gene 118",0.400028970128033,1.01369671121664,-0.0932001113503417,0.0349512250766255
"gene 502","gene 502",0.507685154154722,0.486487843800437,-0.0919724732117484,0.0366523397136947
"gene 171","gene 171",0.502341427746315,0.508143934037917,-0.0916848270100227,0.0370605674912824
"gene 516","gene 516",0.492934524628407,0.547674716092105,-0.090984761103922,0.038069644630448
"gene 374","gene 374",0.581515517488048,1.22218390204023,0.110191503455076,0.0385077626135054
"gene 459","gene 459",0.434423966391817,0.80194720476545,-0.0905077134050553,0.0387700178260383
"gene 592","gene 592",0.45352048356672,0.706180344171974,-0.0899653376899386,0.0395790145374878
"gene 289","gene 289",0.709098630386538,0.486487843800437,0.109441003020068,0.0396246458497852
"gene 921","gene 921",0.430207314670784,0.832882916999337,-0.0893086437027241,0.0405768443281341
"gene 390","gene 390",0.578026230357034,0.237785484795579,-0.0886077961061378,0.0416641906036956
"gene 408","gene 408",0.673800096185553,0.614817025105513,0.108076390774334,0.0417228626916239
"gene 664","gene 664",0.581276002612707,1.20421584433046,0.108011226786809,0.041825267568914
"gene  60","gene  60",0.567045363432464,0.279701100957027,-0.088153308573107,0.0423818466965521
"gene 359","gene 359",0.547957268312269,0.35173150643757,-0.0880506263205008,0.0425453635261379
"gene 105","gene 105",0.539752122676017,0.383076607620891,-0.0877749020374619,0.042986967175955
"gene 398","gene 398",0.56770899312736,0.279701100957027,-0.0874896788782106,0.0434476738945201
"gene 691","gene 691",0.583985115521294,1.16342085453396,0.106780492825248,0.0437978653068678
"gene 795","gene 795",0.390028079136987,1.16543913989932,-0.0869905666009216,0.0442634489934062
"gene 819","gene 819",0.467870278186074,0.657293583944407,-0.0867389352142984,0.044679384992112
"gene 761","gene 761",0.733567680105837,0.383076607620891,0.106040655392358,0.0450193413506316
"gene  76","gene  76",0.488144558506877,0.582979846143503,-0.0862700105748874,0.0454628928780591
"gene 306","gene 306",0.349028643146218,1.5946074629925,-0.0857901401123242,0.0462760906814261
"gene  73","gene  73",0.508506527164307,0.508143934037917,-0.0855197275920306,0.0467394573073744
"gene 376","gene 376",0.42671326526304,0.879990113440741,-0.0850348444838678,0.0475796466398014
"gene 332","gene 332",0.647548168472271,0.00445103562468561,-0.0841917198694768,0.049069353736898
"gene 815","gene 815",0.449487504831919,0.757931778882259,-0.0836170435401586,0.0501059264471392
"gene 389","gene 389",0.604118296428295,0.950475067856432,0.103018354068415,0.0502966052272649
"gene 141","gene 141",0.444492308495937,0.785131421241046,-0.0834946867591631,0.0503288660161983
"gene 413","gene 413",0.4601548053274,0.706180344171974,-0.0833310159292595,0.0506283167963297
"gene 442","gene 442",0.832304956624756,0.00445103562468561,0.100565068283008,0.0549332832330294
"gene 504","gene 504",0.399718852847605,1.12617027947986,-0.080919422719952,0.0552070729794217
"gene 559","gene 559",0.397466871423416,1.15093260481481,-0.080882024217152,0.055280573165091
"gene 639","gene 639",0.385540580539046,1.26881173709264,-0.0807053884357426,0.0556287647917604
"gene 405","gene 405",0.591659671531344,1.02467318216435,0.099692817191914,0.0566609767063964
"gene 829","gene 829",0.415041091538632,1.00610770048217,-0.0790647719368874,0.0589460916851398
"gene 457","gene 457",0.515420677757752,0.508143934037917,-0.0786055769985852,0.059901858109891
"gene 525","gene 525",0.438514260394062,0.847171131583033,-0.0785864505515668,0.0599419295936358
"gene 817","gene 817",0.464969694506462,0.706180344171974,-0.0785161267501966,0.0600894442826895
"gene 769","gene 769",0.399156394866316,1.1613850321867,-0.0782353988302827,0.0606811468859597
"gene 520","gene 520",0.61481810651463,0.847171131583033,0.0977173955690014,0.0607319255212418
"gene 869","gene 869",0.415222536229088,1.01369671121664,-0.0780065452492875,0.0611668754222112
"gene 821","gene 821",0.402133589791771,1.13318319669448,-0.07784800295954,0.0615051501190776
"gene 939","gene 939",0.421015713477705,0.968888850602997,-0.0776041884463514,0.0620282154548718
"gene 993","gene 993",0.808370699195108,0.0762067710757798,0.0964917842985888,0.0633704456372123
"gene  11","gene  11",0.415122249228267,1.02467318216435,-0.0768446051111637,0.063680050260819
"gene 468","gene 468",0.77586263213316,0.190795222358842,0.0961753784836473,0.0640658978119002
"gene 558","gene 558",0.450057898325985,0.793661583646047,-0.0763691508678166,0.064731289485528
"gene 786","gene 786",0.529482851580472,0.463364653773145,-0.0763020273571834,0.0648807803476989
"gene 957","gene 957",0.447228863547086,0.810000881429686,-0.0762677318398455,0.0649572633262098
"gene 808","gene 808",0.467326615473254,0.706180344171974,-0.0761592057834054,0.0651997502065352
"gene 646","gene 646",0.600802626213099,0.920210730332335,0.0952669630327667,0.0660955648280424
"gene 264","gene 264",0.60899467745285,0.867323912403277,0.0952121829113529,0.0662195343422669
"gene 532","gene 532",0.441455643958284,0.847171131583033,-0.0756450669873449,0.0663580810970932
"gene  74","gene  74",0.372184715276909,1.46709266182229,-0.0743125076149571,0.0694344479099077
"gene  34","gene  34",0.457135684863354,0.767281887591477,-0.0741845189464732,0.0697356129006017
"gene 217","gene 217",0.427684330817561,0.945663734017259,-0.0741025589292742,0.0699289971959652
"gene 203","gene 203",0.496112431598784,0.59929241344176,-0.0738385067741255,0.0705548340136632
"gene  68","gene  68",0.554751158618021,1.31463262595184,0.0933092851604271,0.0706386101486105
"gene  29","gene  29",0.347225077667249,1.75492208302384,-0.0732395622188607,0.0719903577689293
"gene 290","gene 290",0.607459432873329,0.860766858928885,0.0926084233376711,0.0723221470292583
"gene 481","gene 481",0.52727520123727,1.59335640514662,0.0923438817217951,0.0729655340742729
"gene 568","gene 568",0.653911655470762,0.629620565493792,0.0921601641883113,0.0734149216844756
"gene  88","gene  88",0.489132846169153,0.629620565493792,-0.0726186451132975,0.0735020766231451
"gene 515","gene 515",0.7044179086158,0.438582963928918,0.091970949123969,0.073879966314838
"gene 894","gene 894",0.511490383930351,0.547674716092105,-0.0724289018019785,0.073968845542092
"gene 397","gene 397",0.439006985311743,0.886111538047373,-0.0717716732805643,0.0756031480336016
"gene 123","gene 123",0.568992198581891,1.15306054526449,0.0908378968145801,0.0767119609127506
"gene 972","gene 972",0.534481588469884,0.463364653773145,-0.0713032904677714,0.0767845442092609
"gene 394","gene 394",0.472298747058809,0.706180344171974,-0.0711870741978504,0.0770798371763198
"gene 637","gene 637",0.616206555051242,0.793661583646047,0.0897795058574405,0.079431214777408
"gene 343","gene 343",0.769316312578395,0.190795222358842,0.0896290589288828,0.0798235978713583
"gene  52","gene  52",0.601226384998623,0.879990113440741,0.0894782752517158,0.0802183284209262
"gene 322","gene 322",0.612784433411616,0.810000881429686,0.0892878380246848,0.080718972496959
"gene 404","gene 404",0.594545236588276,0.920210730332335,0.0890095734079435,0.0814547453731147
"gene 146","gene 146",0.708467277266659,0.411913123446328,0.0887847707014603,0.0820528417883357
"gene 576","gene 576",0.615157684143544,0.793661583646047,0.0887306349497422,0.0821973651779474
"gene 998","gene 998",0.566817344424542,0.35173150643757,-0.069190550208228,0.082288489121567
"gene 791","gene 791",0.610626298640643,0.190795222358842,-0.06906095500887,0.0826355306777456
"gene  46","gene  46",0.563764569167669,1.17719578722347,0.0878421059212263,0.084596901037159
"gene 963","gene 963",0.463250278744865,0.767281887591477,-0.0680699250649615,0.0853259035534169
"gene 780","gene 780",0.602233851311511,0.860766858928885,0.0873828417758529,0.0858575921441611
"gene 461","gene 461",0.473433950031028,0.717270010221067,-0.0677526502671134,0.0862009365597695
"gene 775","gene 775",0.686357326080862,0.486487843800437,0.0866996987143918,0.0877587741359191
"gene 126","gene 126",0.458178745361813,0.80194720476545,-0.0667529344350594,0.0890020112266158
"gene 959","gene 959",0.491350572347158,0.643762005628246,-0.0666944523089765,0.0891679440516698
"gene 820","gene 820",0.517649603741535,0.547674716092105,-0.0662696819907944,0.0903800696829938
"gene 480","gene 480",0.533568314267328,0.486487843800437,-0.0660893130991425,0.0908984557038137
"gene 726","gene 726",0.752164490681306,0.237785484795579,0.0855304642181342,0.0910853377438064
"gene 533","gene 533",0.394352551340869,1.32958275333634,-0.0655553854066351,0.0924459075414394
"gene  20","gene  20",0.573816066240462,1.05180909284208,0.0850237684642685,0.0925556268703289
"gene  19","gene  19",0.654890570024523,0.59929241344176,0.084939631651614,0.0928014585835873
"gene   4","gene   4",0.779586957020523,0.137503523749935,0.0849333503710469,0.0928198306367331
"gene 847","gene 847",0.441831782762395,0.909313250101302,-0.0653511205753643,0.0930430431863072
"gene 113","gene 113",0.496650812667395,0.629620565493792,-0.0651006786150557,0.0937790549155117
"gene  48","gene  48",0.73969840552968,0.279701100957027,0.0844997335241096,0.0940946221972595
"gene 913","gene 913",0.589880694999997,0.920210730332335,0.0843450318196646,0.0945525425721639
"gene 402","gene 402",0.580426501867891,0.317452308288252,-0.0647091058468471,0.0949384287156086
"gene 482","gene 482",0.547821950523395,0.438582963928918,-0.0646250089684361,0.0951887954724844
"gene 967","gene 967",0.720098945426621,0.35173150643757,0.0840910507938513,0.0953078911223239
"gene 291","gene 291",0.465302027790523,0.776343103253079,-0.0643142643769316,0.096118138011142
"gene 309","gene 309",0.548273833034938,0.438582963928918,-0.0641731264568927,0.0965424346934833
"gene 768","gene 768",0.629469771666597,0.694669791191879,0.0835525011520661,0.0969242369245486
"gene 220","gene 220",0.544020546505074,1.32173979443892,0.0833107568201735,0.0976562918009093
"gene 735","gene 735",0.417832086355631,1.11648843304155,-0.0637317857464051,0.0978780944723363
"gene  56","gene  56",0.631027231640036,0.137503523749935,-0.0636263750094405,0.0981991005792656
"gene 739","gene 739",0.553563192621688,1.22838038237233,0.0829255711118241,0.0988310815863646
"gene 545","gene 545",0.404692857818197,1.25296130725289,-0.0632570215331235,0.0993299734335987
"gene 311","gene 311",0.575057948971947,1.02106670623109,0.0826764361737156,0.0995964133553666
"gene 583","gene 583",0.450079285282356,0.873729554910392,-0.0626695282855741,0.101148307272149
"gene 743","gene 743",0.575281523036321,1.00993033346662,0.0816180962045247,0.10289587811197
"gene 425","gene 425",0.594265739777045,0.873729554910392,0.0815169262091149,0.103215394604515
"gene 930","gene 930",0.574032151037102,0.35173150643757,-0.0619757435956674,0.103326714621155
"gene 365","gene 365",0.604672843599634,0.237785484795579,-0.0619611828635374,0.103372795818871
"gene 853","gene 853",0.506282547585351,1.69844394401923,0.0807540860983347,0.105647825886649
"gene 354","gene 354",0.568705278854962,1.05815800383164,0.0806836666121835,0.105874441435797
"gene 412","gene 412",0.437011103382533,0.973297437396087,-0.061045143821546,0.106301900588359
"gene 740","gene 740",0.574991244714401,0.35173150643757,-0.0610166499183686,0.106393963580101
"gene  62","gene  62",0.421333505995728,1.10896253554671,-0.0609696964623496,0.106545794441314
"gene 680","gene 680",0.579677647181015,0.964404804979531,0.0804734980692857,0.106552869128005
"gene 129","gene 129",0.595165447250841,0.860766858928885,0.0803144377151834,0.107068401030213
"gene 814","gene 814",0.417233716901079,1.15516944700038,-0.0607276846853677,0.107330855980194
"gene 414","gene 414",0.57330606123761,1.01369671121664,0.0800769797592347,0.107841371734188
"gene 477","gene 477",0.461585703453668,0.817834290296441,-0.0605322299705869,0.107967928484736
"gene 714","gene 714",0.476630908966461,0.738293754438733,-0.0603101349498103,0.108695133114286
"gene  36","gene  36",0.597923157898155,0.840117614412476,0.0796367591462609,0.109284989973306
"gene 315","gene 315",0.658693768809446,0.565803078301991,0.079608482277024,0.10937819076539
"gene 566","gene 566",0.353378884474236,1.83483742607161,-0.0598129573640671,0.110335792481825
"gene 567","gene 567",0.475624125213223,0.748275385267589,-0.059351648272462,0.111873901650779
"gene   8","gene   8",0.594454386861541,0.854051658652557,0.0784980259956769,0.113083516003489
"gene 607","gene 607",0.480105598246599,0.727966185217491,-0.0589027460906782,0.113385305470948
"gene 709","gene 709",0.492557768633023,0.67026177696129,-0.0588869191338107,0.113438857576397
"gene 214","gene 214",0.511223913011678,0.59929241344176,-0.0587270253612312,0.113980886078605
"gene 531","gene 531",0.557377637064774,1.14222387826317,0.0782310530406247,0.113987543754441
"gene  64","gene  64",0.530648061123867,1.40343522694459,0.0780796601667589,0.11450247452789
"gene 796","gene 796",0.571305583529309,1.01369671121664,0.078076502050934,0.114513233791302
"gene 904","gene 904",0.516024198145731,0.582979846143503,-0.0583903709360328,0.115128147212038
"gene  91","gene  91",0.697539511333898,0.411913123446328,0.0778570047686993,0.115262794540754
"gene 200","gene 200",0.44802518433667,0.914816942436784,-0.0583225441674817,0.115360279613368
"gene 688","gene 688",0.42721939007973,1.08487337553281,-0.0576133575322157,0.117807359497312
"gene 971","gene 971",0.447141622551311,0.925498602148638,-0.0576040190900423,0.117839825379059
"gene 194","gene 194",0.4360729159837,1.00993033346662,-0.0575905108480964,0.117886799122728
"gene 110","gene 110",0.479383221051882,0.738293754438733,-0.0575578228643894,0.118000523574477
"gene 314","gene 314",0.593891022931455,0.847171131583033,0.0767903119858268,0.118955093534831
"gene 449","gene 449",0.527196354265868,0.547674716092105,-0.0567229314664611,0.120931524710574
"gene 382","gene 382",0.650607662381705,0.582979846143503,0.076193093299941,0.121058434614708
"gene 190","gene 190",0.543608617740442,0.486487843800437,-0.0560490096260282,0.123334502490067
"gene  85","gene  85",0.610395242206961,0.748275385267589,0.0754194687212766,0.123821766569993
"gene 651","gene 651",0.664237686799337,0.528493987166077,0.0753846335279588,0.123947225929435
"gene 283","gene 283",0.580196721123088,0.35173150643757,-0.0558111735096822,0.124190479216974
"gene  97","gene  97",0.518904258799606,0.582979846143503,-0.0555103102821577,0.125279233669452
"gene 596","gene 596",0.601365552339695,0.793661583646047,0.0749385031458937,0.125561838327184
"gene 792","gene 792",0.433779236163675,1.04857306483045,-0.0554004821111026,0.125678331861784
"gene  45","gene  45",0.553112813611245,1.15093260481481,0.0747639179706767,0.126197666359054
"gene 266","gene 266",0.506538509389564,1.62630793538935,0.0745631947475478,0.126931456684028
"gene 758","gene 758",0.553304543525228,1.14661830866349,0.074560915125142,0.126939807394036
"gene 574","gene 574",0.519458985534106,0.582979846143503,-0.0549555835476577,0.12730409319888
"gene 209","gene 209",0.65699466585075,0.0762067710757798,-0.0548842490457687,0.127566120570218
"gene 180","gene 180",0.491093970263007,0.694669791191879,-0.0548233002515238,0.127790295817995
"gene 250","gene 250",0.75374627267016,0.190795222358842,0.0740590190206479,0.128787669965404
"gene 243","gene 243",0.575131282621179,0.950475067856432,0.0740313402612994,0.128890116757378
"gene 773","gene 773",0.432200035768836,1.0703893278914,-0.0543112446134147,0.129684497555539
"gene 489","gene 489",0.589727992582637,0.854051658652557,0.0737716317167727,0.129854123976076
"gene 433","gene 433",0.434264467727387,1.05500374865958,-0.0541419037259275,0.130315182657163
"gene 284","gene 284",0.520532097368114,0.582979846143503,-0.05388247171365,0.131285508600318
"gene  17","gene  17",0.411328626598114,1.27999396079951,-0.0537284470507868,0.131863945328352
"gene 215","gene 215",0.550127055393186,1.16342085453396,0.0729224326971399,0.133041046709968
"gene 524","gene 524",0.535540432491615,0.528493987166077,-0.0533126207797627,0.133434344246876
"gene 429","gene 429",0.708763085825276,0.35173150643757,0.0727551911925064,0.133674972400607
"gene 753","gene 753",0.666754768714806,0.508143934037917,0.0727285139584685,0.133776283680554
"gene 519","gene 519",0.565937011933997,1.01369671121664,0.0727079304556217,0.133854489057106
"gene  38","gene  38",0.451803260144029,0.925498602148638,-0.0529423814973236,0.134843365987253
"gene 784","gene 784",0.46311033075555,0.854051658652557,-0.052846030110314,0.135211718855305
"gene 432","gene 432",0.517140419169154,0.59929241344176,-0.0528105192037557,0.135347651429404
"gene 600","gene 600",0.6591758369712,0.0762067710757798,-0.052703077925319,0.135759497325164
"gene 172","gene 172",0.531258520569041,0.547674716092105,-0.0526607651632883,0.135921926716309
"gene 233","gene 233",0.403227450608477,1.36977346617858,-0.0526415633550288,0.135995682112847
"gene 168","gene 168",0.766733504601207,0.137503523749935,0.0720798979517311,0.136255762560838
"gene 507","gene 507",0.49870816916782,1.68509267178263,0.0719865901634762,0.136615023014614
"gene 805","gene 805",0.540785092793935,1.24459054217245,0.0719262594802795,0.136847657119139
"gene 924","gene 924",0.425423995478705,1.1572596249979,-0.0523460902097745,0.137134068788522
"gene 965","gene 965",0.376239686323071,1.6717479448526,-0.0516737349223034,0.139748697317781
"gene 498","gene 498",0.471923463419209,0.810000881429686,-0.0515731319677226,0.140142813787127
"gene 115","gene 115",0.404963096446196,1.36331489042073,-0.0515475065155471,0.140243323158267
"gene 861","gene 861",0.43143138319205,1.10381184119781,-0.051389971734224,0.140862289143896
"gene 996","gene 996",0.676505406348841,0.463364653773145,0.0707205274111857,0.141553755020064
"gene 224","gene 224",0.546386492619806,1.17909879192618,0.0706430695650377,0.141859785033356
"gene 831","gene 831",0.53398882992272,1.2951989984563,0.0705314655446881,0.142301511237418
"gene 165","gene 165",0.494446508700282,1.71438083286693,0.0703432624762657,0.143048520671297
"gene  65","gene  65",0.4581852565834,0.897959071636251,-0.0507419528197383,0.143427876199117
"gene  98","gene  98",0.450726549402475,0.950475067856432,-0.0503733929574045,0.144901039187167
"gene 565","gene 565",0.504313612030001,0.657293583944407,-0.0502956013703718,0.145213275780963
"gene 918","gene 918",0.72498458363462,0.279701100957027,0.069785911629049,0.14527625827475
"gene 538","gene 538",0.724833560296898,0.279701100957027,0.0696348882913274,0.145883898191662
"gene 474","gene 474",0.612740023358387,0.706180344171974,0.0692542021017275,0.147423152459283
"gene 934","gene 934",0.487199008543772,0.738293754438733,-0.0497420353724997,0.147448223679479
"gene 327","gene 327",0.714006456768306,0.317452308288252,0.0688708490535681,0.148984148930361
"gene 486","gene 486",0.578247648209864,0.383076607620891,-0.0492793765036149,0.149333737362437
"gene 995","gene 995",0.44795035842396,0.981897404186249,-0.0490335733694272,0.150341999800181
"gene 824","gene 824",0.520933836085825,0.59929241344176,-0.0490171022870841,0.150409724490719
"gene 625","gene 625",0.596470662064436,0.785131421241046,0.0684836668093362,0.15057190692407
"gene 950","gene 950",0.545806893963988,1.1613850321867,0.0684151002673899,0.150854255132298
"gene 581","gene 581",0.452314693136883,0.950475067856432,-0.0487852492229964,0.151365199014848
"gene  26","gene  26",0.414082840204847,1.30513463155643,-0.048339394731188,0.153213902059448
"gene 543","gene 543",0.424138045211587,1.21255934373399,-0.0482456167831743,0.153604642002629
"gene   9","gene   9",0.565761098498181,0.973297437396087,0.0677048512941016,0.153799694835046
"gene 797","gene 797",0.476892676455655,0.80194720476545,-0.0480390033412172,0.154467854484387
"gene 494","gene 494",0.545389730477233,1.15516944700038,0.0674283288907865,0.154956674698773
"gene 410","gene 410",0.530278235900039,1.29967126899856,0.067287787986671,0.155546900447039
"gene 153","gene 153",0.564663554759367,0.977632883325488,0.0671520982989205,0.156118157997933
"gene 455","gene 455",0.493659765998406,1.68583759604489,0.0670047282401353,0.156740154370806
"gene 550","gene 550",0.612877891890514,0.694669791191879,0.0669606213759827,0.15692663036824
"gene 478","gene 478",0.441874350126645,1.04857306483045,-0.0473053681481327,0.157558778491659
"gene 644","gene 644",0.554712080736284,1.05815800383164,0.066690468493505,0.158071972393043
"gene 876","gene 876",0.482461715278525,0.776343103253079,-0.0471545768889293,0.158199087269306
"gene 269","gene 269",0.711736153510177,0.317452308288252,0.0666005457954387,0.15845442347582
"gene 462","gene 462",0.48101388277369,0.785131421241046,-0.04697311248141,0.158971905176888
"gene 444","gene 444",0.507691978755222,0.657293583944407,-0.0469172346451504,0.159210374200754
"gene 238","gene 238",0.432231443788582,1.14222387826317,-0.0469151402355675,0.159219317035005
"gene 877","gene 877",0.732879109075386,0.237785484795579,0.0662450826122148,0.159972184223657
"gene 324","gene 324",0.721212648180931,0.279701100957027,0.0660139761753606,0.160964048472402
"gene 134","gene 134",0.427487342539359,1.1973147467828,-0.0464816368229197,0.161077396651157
"gene 979","gene 979",0.54169273071185,1.17909879192618,0.0659493076570819,0.161242310498853
"gene 623","gene 623",0.388532087273156,1.59335640514662,-0.0463992322423188,0.16143219278347
"gene 620","gene 620",0.505158828763102,0.67026177696129,-0.0462858590037314,0.161921157913264
"gene 428","gene 428",0.649592483158967,0.547674716092105,0.065673197426638,0.16243391256252
"gene 370","gene 370",0.545433768725462,1.13547577715954,0.0656649407337798,0.162469633796717
"gene 628","gene 628",0.609057653117055,0.279701100957027,-0.0461410188885156,0.162547238115915
"gene 561","gene 561",0.498328708905085,1.61840165505707,0.0656458223829266,0.162552365842956
"gene 960","gene 960",0.489001442875245,0.748275385267589,-0.0459743306104392,0.163269705121837
"gene 490","gene 490",0.535885848407612,1.2268471216,0.0650788134246032,0.165018477498867
"gene 955","gene 955",0.470387201414202,0.854051658652557,-0.0455691594516615,0.165034499297231
"gene 611","gene 611",0.482432783274678,0.785131421241046,-0.0455542119804216,0.165099840988855
"gene 846","gene 846",0.452035882899193,0.977632883325488,-0.0454755735612534,0.165443878416715
"gene 878","gene 878",0.731540330380074,0.237785484795579,0.064906303916902,0.165773560340711
"gene 540","gene 540",0.759540812048527,0.137503523749935,0.0648872053990501,0.165857292638327
"gene 750","gene 750",0.609964037512735,0.279701100957027,-0.045234634492836,0.16650085456369
"gene 977","gene 977",0.719928988167261,0.279701100957027,0.0647303161616909,0.166546165605495
"gene 627","gene 627",0.578386870299877,0.867323912403277,0.0646043757583796,0.167100482060173
"gene 658","gene 658",0.496107326470143,0.717270010221067,-0.0450792738279979,0.16718471315755
"gene 469","gene 469",0.538875422285623,0.547674716092105,-0.0450438634467062,0.167340833781895
"gene 253","gene 253",0.432292214625372,1.16342085453396,-0.0449124080706738,0.167921228132034
"gene 935","gene 935",0.506646658322949,0.67026177696129,-0.0447980294438844,0.168427279111248
"gene 940","gene 940",0.424061638584572,1.24881521402288,-0.0443376524769836,0.170474052705849
"gene 483","gene 483",0.446837666597832,1.03173583546934,-0.0443149142275325,0.170575554971559
"gene 883","gene 883",0.54760667678925,1.09317055227964,0.0636777561078283,0.171215440683065
"gene  30","gene  30",0.730220590374421,0.237785484795579,0.0635865639112495,0.171623882722995
"gene 794","gene 794",0.54148783999245,1.15516944700038,0.0635264384060034,0.171893519948953
"gene 155","gene 155",0.56485187420897,0.945663734017259,0.0630649844621349,0.173971941089373
"gene 495","gene 495",0.742693501499357,0.190795222358842,0.0630062478498448,0.174237636643053
"gene 899","gene 899",0.559602683872482,0.981897404186249,0.062618752079094,0.17599693376591
"gene 426","gene 426",0.742246728325953,0.190795222358842,0.0625594746764405,0.176267051847459
"gene 681","gene 681",0.554836989771059,1.02106670623109,0.0624554769728281,0.176741587033475
"gene 884","gene 884",0.423303805452105,1.26881173709264,-0.042942163522683,0.176775041828716
"gene 139","gene 139",0.561638298667833,0.964404804979531,0.0624341495561033,0.176839002442414
"gene 845","gene 845",0.483593952132506,0.793661583646047,-0.0428330970612962,0.177273631824738
"gene 669","gene 669",0.430608170012501,1.20250995351122,-0.0428326185641379,0.177275821197078
"gene 298","gene 298",0.651833221644234,0.137503523749935,-0.0428203850052425,0.177331801864316
"gene 818","gene 818",0.597135238585082,0.748275385267589,0.0621594650993978,0.178096687053601
"gene 152","gene 152",0.61070480895627,0.682708102873796,0.0621558533538005,0.178113261451682
"gene 420","gene 420",0.47451829762953,0.847171131583033,-0.042582413316099,0.17842297809652
"gene 945","gene 945",0.544373682758652,1.10896253554671,0.0620704803005743,0.178505323810617
"gene 915","gene 915",0.555927866993599,1.00610770048217,0.0618220035180793,0.179649504883155
"gene 296","gene 296",0.442050647762533,1.09043598937032,-0.0421719585421399,0.180314960070465
"gene 272","gene 272",0.498126373029789,1.5748745561666,0.0615292578456357,0.181003433400251
"gene 966","gene 966",0.459901134511972,0.945663734017259,-0.0418857552348637,0.181641629037324
"gene 245","gene 245",0.507752402717545,1.46709266182229,0.0612551798256785,0.182276804332589
"gene 463","gene 463",0.482044930472984,0.810000881429686,-0.0414516649139477,0.183665438200756
"gene 595","gene 595",0.520771781177764,1.32958275333634,0.0608638444302597,0.184104631123179
"gene 117","gene 117",0.666362110975131,0.463364653773145,0.060577232037476,0.185450535824801
"gene 793","gene 793",0.559732675468685,0.964404804979531,0.0605285263569552,0.18567985872898
"gene  31","gene  31",0.46234050551278,0.935771529840587,-0.0408872870835451,0.186317588531901
"gene 803","gene 803",0.548121406284981,0.528493987166077,-0.0407316469863969,0.187053133202124
"gene 326","gene 326",0.469111033973147,0.892099430730697,-0.0407278223495842,0.187071230762818
"gene 248","gene 248",0.522666019247626,1.30405296155272,0.0601314745104486,0.187555870730182
"gene 683","gene 683",0.611353402190878,0.67026177696129,0.0599087144240442,0.188613489969535
"gene 841","gene 841",0.687325760685226,0.383076607620891,0.0597987359717467,0.189136998173885
"gene 961","gene 961",0.41353779136496,1.39446842951767,-0.0399025907055781,0.191001390867293
"gene 812","gene 812",0.422732819276104,1.30405296155272,-0.0398017254610735,0.191485210126766
"gene 745","gene 745",0.545045990490366,1.07628556032768,0.0592347375620952,0.191835721842205
"gene 310","gene 310",0.532457724137333,1.20421584433046,0.0591929483114356,0.192036616493528
"gene 800","gene 800",0.459049699146445,0.968888850602997,-0.0395702027776124,0.192598589015676
"gene 608","gene 608",0.573114113162511,0.438582963928918,-0.0393328463293195,0.193744120342094
"gene 316","gene 316",0.642714965442266,0.547674716092105,0.058795679709937,0.193952840128567
"gene 496","gene 496",0.560560967767051,0.486487843800437,-0.039096659599419,0.194888120033943
"gene 936","gene 936",0.738246567563864,0.190795222358842,0.0585593139143518,0.195098458497506
"gene  53","gene  53",0.58869936597994,0.383076607620891,-0.0388276587335392,0.196196050848765
"gene 312","gene 312",0.574142219798304,0.854051658652557,0.0581858589324399,0.1969168830512
"gene 103","gene 103",0.574737841176316,0.847171131583033,0.0576371302306877,0.199607289291944
"gene   3","gene   3",0.386759838487739,1.70560967999912,-0.0381281273181215,0.199622130885752
"gene 776","gene 776",0.519946467219264,0.643762005628246,-0.03809855743687,0.199767743332351
"gene 401","gene 401",0.533887905341354,1.17334240619278,0.0576029048519167,0.19977582532027
"gene  75","gene  75",0.684810881389455,0.383076607620891,0.0572838566759761,0.201351028721647
"gene  83","gene  83",0.456858389759819,1.00222723436623,-0.0376988668663212,0.201742221767309
"gene  14","gene  14",0.551753782312407,1.00222723436623,0.0571965256862662,0.201783493301496
"gene 557","gene 557",0.577942798225097,0.825458273904466,0.0571506582674977,0.202010852168128
"gene  37","gene  37",0.694132124750319,0.00445103562468561,-0.0376077635914283,0.202193903750998
"gene  77","gene  77",0.768978388387568,0.0762067710757798,0.0570994734910495,0.202264749423228
"gene 375","gene 375",0.617712101483551,0.279701100957027,-0.0374865705220196,0.202795705120157
"gene 107","gene 107",0.546605772594483,1.04197283234808,0.0566452928714863,0.204526019581153
"gene 604","gene 604",0.476643466250955,0.867323912403277,-0.0371390282905426,0.204527399865937
"gene 145","gene 145",0.555163269533025,0.968888850602997,0.0565433676089681,0.205035543370408
"gene 882","gene 882",0.657703860763531,0.137503523749935,-0.036949745885945,0.205474225151698
"gene 422","gene 422",0.564478810833772,0.90369544285769,0.0564364856745917,0.20557065513648
"gene 509","gene 509",0.461126751221679,0.973297437396087,-0.0369294959823996,0.205575672770389
"gene  79","gene  79",0.443064535838611,1.13318319669448,-0.0369170569127008,0.205638004548059
"gene 179","gene 179",0.39022356820834,1.68131880724188,-0.0368350925082044,0.206049005959654
"gene 199","gene 199",0.509257323171527,0.694669791191879,-0.0366599473430043,0.20692888289822
"gene 356","gene 356",0.599386041960478,0.35173150643757,-0.0366218526722918,0.207120553136006
"gene 748","gene 748",0.457989431016687,1.00222723436623,-0.0365678256094534,0.207392565927194
"gene 733","gene 733",0.534602359778955,1.14661830866349,0.0558587313788683,0.208477544631154
"gene 571","gene 571",0.45246361826921,1.05180909284208,-0.0363286795069829,0.208599140787988
"gene 554","gene 554",0.475934283457491,1.75823861170854,0.0557684197385414,0.20893411559008
"gene 373","gene 373",0.478595967110303,0.860766858928885,-0.036255042425355,0.208971497012328
"gene 863","gene 863",0.477530775204146,0.867323912403277,-0.0362517193373511,0.208988309899898
"gene 438","gene 438",0.526199864192041,1.22990329266647,0.0557305125074229,0.209125931156747
"gene 372","gene 372",0.458420188269255,1.00222723436623,-0.0361370683568851,0.209568864786728
"gene 144","gene 144",0.617307363175571,0.629620565493792,0.0555558718931202,0.210010973868829
"gene 116","gene 116",0.391486389847141,1.68344237225155,-0.0353825984403178,0.213412847145184
"gene 551","gene 551",0.564503511429934,0.486487843800437,-0.0351541159365363,0.214585010754358
"gene 493","gene 493",0.477629316557875,0.873729554910392,-0.0351194970100551,0.214762939071405
"gene 423","gene 423",0.504175117698804,0.727966185217491,-0.0348332266384727,0.21623754333985
"gene 142","gene 142",0.748950767439384,0.137503523749935,0.0542971607899077,0.216454660602053
"gene 650","gene 650",0.690096623885136,0.35173150643757,0.054088729252366,0.217532612771457
"gene 946","gene 946",0.448775012348913,1.10119486209167,-0.0343138503121617,0.218927809990268
"gene 371","gene 371",0.452278241449952,1.0703893278914,-0.0342330389322991,0.219348121063975
"gene 868","gene 868",0.495384487251651,0.776343103253079,-0.0342318049158038,0.219354542945594
"gene 276","gene 276",0.462808723544619,0.981897404186249,-0.0341752082487682,0.219649190831482
"gene 271","gene 271",0.573179507790171,0.832882916999337,0.0536635494166622,0.219741109833861
"gene   6","gene   6",0.411937888811405,1.47289236685876,-0.0340159845716723,0.220479343173403
"gene 156","gene 156",0.483291509786682,0.847171131583033,-0.0338092011589464,0.221560139186005
"gene 767","gene 767",0.505476551039277,0.727966185217491,-0.0335317932980003,0.223014813541454
"gene 479","gene 479",0.661219397281922,0.137503523749935,-0.0334342093675544,0.223527815573254
"gene 870","gene 870",0.455133360828448,1.05500374865958,-0.0332730106248666,0.224376711260992
"gene 640","gene 640",0.526742366599109,1.19555655231845,0.0525971534268229,0.225336528242086
"gene 135","gene 135",0.622542778493418,0.59929241344176,0.0525918401205083,0.225364607857216
"gene 560","gene 560",0.641432224150126,0.528493987166077,0.0525791708787482,0.225431569911264
"gene 734","gene 734",0.610476127903792,0.643762005628246,0.0524311032476578,0.226215001660546
"gene 530","gene 530",0.783940145184204,0.00445103562468561,0.0522002568424569,0.227439482440419
"gene 124","gene 124",0.688192996249941,0.35173150643757,0.0521851016171712,0.227520000831618
"gene 362","gene 362",0.410232989458537,1.50567366811066,-0.0326756191476084,0.227538567515522
"gene 325","gene 325",0.622697348033736,0.279701100957027,-0.0325013239718343,0.228465778244924
"gene 416","gene 416",0.61297355837888,0.317452308288252,-0.0321620493358584,0.230276715501289
"gene 969","gene 969",0.554147249034976,0.940763581733687,0.0516491046393469,0.23037800940751
"gene 984","gene 984",0.600172320041175,0.682708102873796,0.0516233644387059,0.230515762916866
"gene 377","gene 377",0.449945662229706,1.11149733471358,-0.0321063138351185,0.230574979239449
"gene 334","gene 334",0.542494068867303,0.582979846143503,-0.0319205002144609,0.231570902827253
"gene 403","gene 403",0.519622965006482,0.67026177696129,-0.031821722760351,0.232101304665319
"gene 698","gene 698",0.562403000049805,0.508143934037917,-0.0316232547065328,0.233169053197881
"gene 782","gene 782",0.530334895631959,0.629620565493792,-0.0314165956504912,0.234283760814535
"gene 617","gene 617",0.455999758580038,1.06434903545682,-0.0312546455929294,0.235159368068037
"gene 166","gene 166",0.663410438156147,0.137503523749935,-0.0312431684933298,0.23522148922998
"gene 261","gene 261",0.47640407148098,0.909313250101302,-0.0307788318567785,0.237742351162096
"gene 826","gene 826",0.655862393199334,0.463364653773145,0.0500775142616786,0.238872572011148
"gene 122","gene 122",0.522356769198524,1.20758992541872,0.0494441402378955,0.242343827711733
"gene 962","gene 962",0.510232479093875,1.32073882913537,0.0494202707645803,0.242475178551354
"gene 591","gene 591",0.495053632500952,0.80194720476545,-0.0298780472959209,0.242674650203164
"gene 588","gene 588",0.468371719357787,0.973297437396087,-0.0296845278462923,0.243741460565633
"gene 835","gene 835",0.48018352541588,0.892099430730697,-0.0296553309068506,0.243902633394102
"gene 133","gene 133",0.532143447997174,0.629620565493792,-0.0296080432852769,0.244163792281629
"gene 865","gene 865",0.485521934883573,1.57625847253902,0.0490497838084409,0.24451885955747
"gene  67","gene  67",0.561736974579916,0.873729554910392,0.0489881610119854,0.244859681154772
"gene 308","gene 308",0.48783443269519,0.847171131583033,-0.0292662782504391,0.246055758554562
"gene 722","gene 722",0.445123090620354,1.19378481168635,-0.0291985055538285,0.246431871499094
"gene 708","gene 708",0.477210046811584,0.914816942436784,-0.0291376816925675,0.246769683174137
"gene 943","gene 943",0.464979997505512,1.00610770048217,-0.0291258659700073,0.246835335658111
"gene 910","gene 910",0.447941365374798,1.16543913989932,-0.0290772803631105,0.247105393331424
"gene  32","gene  32",0.570637560971982,0.486487843800437,-0.0290200663944881,0.2474236133172
"gene 938","gene 938",0.527053594097458,1.14878530288514,0.0485082962735001,0.247522428702465
"gene 351","gene 351",0.450448387660798,1.13999573778692,-0.0289030914121564,0.248074900800822
"gene 556","gene 556",0.5831646611203,0.748275385267589,0.0481888876346152,0.24930335198725
"gene 659","gene 659",0.703347005306476,0.279701100957027,0.0481483333009053,0.249529956745095
"gene 888","gene 888",0.527070897586074,1.1444312830265,0.0481268843989933,0.249649850640432
"gene 597","gene 597",0.410764099014788,1.54509156351038,-0.0285329681024215,0.250141665575203
"gene  51","gene  51",0.492707644084051,1.48489602609355,0.0478738102229104,0.251066778068119
"gene 648","gene 648",0.441796947012558,1.23291857853791,-0.0283401112788516,0.251222184372583
"gene 147","gene 147",0.579147788137759,0.767281887591477,0.0478275843279325,0.251326049259647
"gene 655","gene 655",0.459750847819006,1.05815800383164,-0.0282707644237732,0.251611316412856
"gene 106","gene 106",0.7421949743221,0.137503523749935,0.047541367672624,0.252934523745707
"gene 417","gene 417",0.692609572632368,0.317452308288252,0.0474739649176297,0.253314098963817
"gene 752","gene 752",0.537783949751018,0.614817025105513,-0.027939755660201,0.253473112955426
"gene  84","gene  84",0.507228884093904,0.748275385267589,-0.027746889391781,0.254561239699949
"gene 363","gene 363",0.477036252535784,0.925498602148638,-0.0277093891055691,0.254773095295512
"gene 234","gene 234",0.536661008004333,1.04529465866304,0.0470920224404021,0.255470632177822
"gene 871","gene 871",0.68286056170726,0.35173150643757,0.0468526670744902,0.256826959556509
"gene 466","gene 466",0.529072594210127,1.10896253554671,0.0467693917520498,0.257299723456417
"gene 148","gene 148",0.583654984737687,0.738293754438733,0.0467139408214151,0.257614775662332
"gene 265","gene 265",0.521392321240661,0.682708102873796,-0.0271566343618088,0.257906525535045
"gene 347","gene 347",0.513086969472236,1.26624765571317,0.0465668664073406,0.258451368724071
"gene 198","gene 198",0.450538266102167,1.15933138668677,-0.0270419835265995,0.258558947566976
"gene 488","gene 488",0.463173272812416,1.04197283234808,-0.0267872069105814,0.26001181105965
"gene 677","gene 677",0.544491180601519,0.968888850602997,0.045871278677462,0.262427014433272
"gene 154","gene 154",0.685515470572268,0.0762067710757798,-0.0263634443242505,0.262437607299755
"gene 355","gene 355",0.465357872419681,1.76569515871342,0.0458645109999762,0.26246584847155
"gene 771","gene 771",0.482679329157141,0.897959071636251,-0.0262478802459964,0.263101150086848
"gene  41","gene  41",0.567837001365615,0.508143934037917,-0.0261892533907225,0.263438099689082
"gene 278","gene 278",0.619107896605788,0.317452308288252,-0.02602771110895,0.264367679576851
"gene  28","gene  28",0.571936158118038,0.793661583646047,0.0455091089242364,0.264509329302176
"gene 622","gene 622",0.619162953142658,0.317452308288252,-0.0259726545720796,0.264684878339747
"gene 323","gene 323",0.535830545209267,0.629620565493792,-0.0259209460731833,0.264982964115701
"gene 912","gene 912",0.657835594981762,0.438582963928918,0.0453886354899307,0.265203856716295
"gene 251","gene 251",0.407297794961016,1.61285440948911,-0.0258823562042814,0.265205535568885
"gene 287","gene 287",0.567313091812608,0.817834290296441,0.045195158388353,0.266321183513787
"gene 259","gene 259",0.531282205327829,1.07335505109248,0.045126046893563,0.266720877840183
"gene 585","gene 585",0.476384616693715,0.945663734017259,-0.0254022730531206,0.267982382885639
"gene 919","gene 919",0.468739986052516,1.00610770048217,-0.0253658774230033,0.26819349418905
"gene  21","gene  21",0.492979083636454,0.840117614412476,-0.0253073151154404,0.268533357931058
"gene 235","gene 235",0.506014032798019,0.767281887591477,-0.0253061710118075,0.268539999840967
"gene 421","gene 421",0.486736996229133,1.51584758523867,0.0447653334238332,0.268811910641185
"gene 100","gene 100",0.574563710031899,0.486487843800437,-0.0250939173345707,0.269773631409965
"gene 211","gene 211",0.493206486365441,0.840117614412476,-0.025079912386453,0.269855128730968
"gene 885","gene 885",0.483102485343902,0.90369544285769,-0.0249398398152792,0.270670913817251
"gene 255","gene 255",0.51444868453891,0.727966185217491,-0.0245596597983672,0.272891277956846
"gene 635","gene 635",0.598610929491889,0.657293583944407,0.0440017160915158,0.27326554494634
"gene 713","gene 713",0.46500190534797,1.74705123122721,0.0438289825968325,0.27427802157513
"gene 948","gene 948",0.444538989721767,1.25020584045005,-0.0237093917400876,0.277889558080602
"gene 418","gene 418",0.548638714008348,0.920210730332335,0.0431030508280156,0.278553209137767
"gene 988","gene 988",0.458716703987123,1.10896253554671,-0.023586498470955,0.278615662456355
"gene 121","gene 121",0.451457842178982,1.18655840313993,-0.0235716334258019,0.278703553903547
"gene 703","gene 703",0.642681227520381,0.486487843800437,0.0430236001539112,0.279023076640324
"gene 941","gene 941",0.576143225598208,0.486487843800437,-0.0235144017682626,0.279042069242611
"gene 231","gene 231",0.457404990586288,1.12617027947986,-0.0232332849812692,0.280707723444141
"gene 336","gene 336",0.479316029138934,0.940763581733687,-0.0231821152566954,0.281011427395562
"gene 682","gene 682",0.642260545360445,0.486487843800437,0.0426029179939751,0.2815173747681
"gene  12","gene  12",0.631409874676081,0.528493987166077,0.0425568214047033,0.281791342043261
"gene 582","gene 582",0.538709767368693,0.629620565493792,-0.0230417239137577,0.281845496390438
"gene 860","gene 860",0.518519268061165,0.717270010221067,-0.0226673322369757,0.284075582431028
"gene  96","gene  96",0.559218310878074,0.847171131583033,0.0421175999324456,0.284408205475693
"gene 424","gene 424",0.669625319210236,0.383076607620891,0.0420982944967568,0.284523492355648
"gene 249","gene 249",0.539178952324332,0.629620565493792,-0.0225725389581187,0.284641560333491
"gene 570","gene 570",0.512792729787804,1.2253033781585,0.0418147827384604,0.286219113966613
"gene 119","gene 119",0.449931738381917,1.21419201847652,-0.0222752936430083,0.286419791694977
"gene 178","gene 178",0.632969642323094,0.279701100957027,-0.0222290296824764,0.286697033254231
"gene 112","gene 112",0.773222193285683,0.00445103562468561,0.0414823049439353,0.288213683381907
"gene 613","gene 613",0.548069592817892,0.59929241344176,-0.0218813455550173,0.288784626749041
"gene 131","gene 131",0.517186583768888,0.727966185217491,-0.0218217605683886,0.289143108859624
"gene 741","gene 741",0.455215787010718,1.16543913989932,-0.0218028587271906,0.289256872011244
"gene 111","gene 111",0.548281719442663,0.59929241344176,-0.0216692189302466,0.290061799818202
"gene 225","gene 225",0.624961577777613,0.547674716092105,0.0410422920452833,0.290863402841925
"gene 710","gene 710",0.560545707550253,0.832882916999337,0.0410297491767445,0.290939101542222
"gene 992","gene 992",0.498021441610336,0.832882916999337,-0.021494516763173,0.291115631530645
"gene 212","gene 212",0.71029515462271,0.00445103562468561,-0.0214447337190372,0.291416257936407
"gene  72","gene  72",0.658628093763173,0.190795222358842,-0.0210591598863392,0.293749524446758
"gene  59","gene  59",0.465203165905492,1.07335505109248,-0.0209529925287736,0.294393501577859
"gene 506","gene 506",0.578820154089666,0.486487843800437,-0.0208374732768037,0.295094943823357
"gene 333","gene 333",0.505614558834735,0.793661583646047,-0.0208124903590664,0.295246743293126
"gene 510","gene 510",0.461390218480074,1.11149733471358,-0.0206617575847506,0.296163376986647
"gene 521","gene 521",0.581293859188482,0.717270010221067,0.0401072588903405,0.29653157603038
"gene 718","gene 718",0.568321583041162,0.528493987166077,-0.0205314702302157,0.296956728732491
"gene 643","gene 643",0.585762674306653,0.694669791191879,0.0398454037921215,0.298127966535387
"gene 548","gene 548",0.484778672895207,1.4835482403602,0.0398193756660144,0.298286859802707
"gene 598","gene 598",0.563732704003394,0.547674716092105,-0.0201865817289355,0.299061518201725
"gene  78","gene  78",0.41041072930046,1.64171307732758,-0.0201859034852352,0.299065664060934
"gene 839","gene 839",0.592471054371119,0.438582963928918,-0.0199759051207125,0.300350561009798
"gene 827","gene 827",0.48494313604653,0.925498602148638,-0.0198025055948228,0.301413400625036
"gene 158","gene 158",0.616319836178648,0.35173150643757,-0.0196880584541221,0.302115822016642
"gene 816","gene 816",0.628010406291566,0.528493987166077,0.0391573530201883,0.302341185739806
"gene   5","gene   5",0.493189500879789,0.873729554910392,-0.0195593126881408,0.302906878626281
"gene  87","gene  87",0.718714755794328,0.190795222358842,0.0390275021448155,0.303139302963466
"gene  57","gene  57",0.538611518154779,0.643762005628246,-0.0194335065013553,0.303680767894598
"gene 953","gene 953",0.638445147565572,0.486487843800437,0.0387875201991017,0.304616805429052
"gene 609","gene 609",0.47944451801782,1.53015484926451,0.038784622986226,0.304634662321759
"gene 197","gene 197",0.535254151168722,0.986093119426937,0.0387819558660883,0.304651101455691
"gene 192","gene 192",0.693975407406551,0.279701100957027,0.0387767354009799,0.304683279597639
"gene 409","gene 409",0.526789207275893,0.694669791191879,-0.0191280632386378,0.305563345570571
"gene  82","gene  82",0.503149016135191,1.28478638002784,0.0385982211758271,0.305784521798572
"gene 997","gene 997",0.553364425933855,0.860766858928885,0.0385134163981968,0.306308293552352
"gene 830","gene 830",0.514106857795304,0.757931778882259,-0.0189976905767736,0.306368460076248
"gene  63","gene  63",0.452142820641407,1.2253033781585,-0.0188351264079368,0.307373683513054
"gene 427","gene 427",0.499627371299482,0.840117614412476,-0.018659027452412,0.308464234806585
"gene 313","gene 313",0.502574400456119,1.28478638002784,0.038023605496755,0.309341190226553
"gene 671","gene 671",0.490189765243205,1.40678154185722,0.0379464944470275,0.30981985274912
"gene 366","gene 366",0.769678529981409,0.00445103562468561,0.037938641639662,0.309868616724551
"gene 219","gene 219",0.539623074655815,0.643762005628246,-0.0184219500003191,0.309935087400459
"gene 184","gene 184",0.480212274076607,0.968888850602997,-0.01840762784745,0.310024041326444
"gene 586","gene 586",0.617658146286698,0.35173150643757,-0.0183497483460721,0.310383640246861
"gene 569","gene 569",0.478154237838513,0.986093119426937,-0.0183179574641207,0.310581230643493
"gene 226","gene 226",0.665188623151695,0.383076607620891,0.0376615984382159,0.31159112177653
"gene 104","gene 104",0.61668633472876,0.565803078301991,0.0376010481963377,0.311968141931209
"gene 788","gene 788",0.716999231328562,0.190795222358842,0.0373119776790494,0.313770769895521
"gene 430","gene 430",0.565208312859091,0.785131421241046,0.0372213176039911,0.314337040896183
"gene 102","gene 102",0.52936627066855,1.02106670623109,0.0369847578703192,0.315816670514554
"gene 807","gene 807",0.649375827031632,0.438582963928918,0.0369288675398008,0.316166684990187
"gene 999","gene 999",0.51570671872313,0.757931778882259,-0.0173978296489469,0.31632361235399
"gene 279","gene 279",0.519552017195285,0.738293754438733,-0.0173890267209867,0.316378767552124
"gene 299","gene 299",0.443534847611076,1.31973315278283,-0.0173805610143979,0.316431813725479
"gene 522","gene 522",0.490359300491883,1.39376208776897,0.0368499750681693,0.31666103136616
"gene 759","gene 759",0.5030822542988,1.26881173709264,0.0368362853240112,0.316746845752582
"gene 282","gene 282",0.564601785848033,0.785131421241046,0.0366147905929326,0.318136657067038
"gene 160","gene 160",0.561325231824582,0.80194720476545,0.0363935520277099,0.319527421956778
"gene 707","gene 707",0.524401454058708,0.717270010221067,-0.0167851462394335,0.32017210805605
"gene 240","gene 240",0.519897550342746,1.09317055227964,0.0359686296613248,0.322205716199471
"gene 653","gene 653",0.584237040201132,0.682708102873796,0.0356880845986629,0.323979081698609
"gene 917","gene 917",0.405393181979529,1.74402647843778,-0.0160516578876033,0.324804967420383
"gene 674","gene 674",0.498922759247109,0.860766858928885,-0.0159282502885492,0.325587130226958
"gene 439","gene 439",0.662923049947032,0.383076607620891,0.0353960252335532,0.325829483939493
"gene 492","gene 492",0.573042301486649,0.528493987166077,-0.0158107517847286,0.326332555355371
"gene 867","gene 867",0.690210335601903,0.279701100957027,0.0350116635963323,0.328271233735625
"gene 873","gene 873",0.639702065974528,0.279701100957027,-0.0154966060310426,0.328328937869875
"gene 542","gene 542",0.647349612583243,0.438582963928918,0.0349026530914123,0.328965092581749
"gene 684","gene 684",0.690045454364182,0.279701100957027,0.0348467823586117,0.329320942138917
"gene 675","gene 675",0.469502833617695,1.08487337553281,-0.0153299139942508,0.329390257221643
"gene 513","gene 513",0.441869694522901,1.3591741461712,-0.0150537020395519,0.331151910292314
"gene 441","gene 441",0.456771200030466,1.21902084575933,-0.0149046791952669,0.332103921150898
"gene 228","gene 228",0.477251697212658,1.02467318216435,-0.0147151571267721,0.333316221967145
"gene 621","gene 621",0.728838878685512,0.137503523749935,0.0341852720360358,0.333545886821597
"gene 763","gene 763",0.540528455065575,0.914816942436784,0.0341807265614238,0.333574991866349
"gene 665","gene 665",0.472757789037258,1.06434903545682,-0.0144966151357087,0.334716316209557
"gene 696","gene 696",0.40878535615791,1.72391014573528,-0.0144645284760141,0.33492207431044
"gene 633","gene 633",0.503828769621035,0.840117614412476,-0.0144576291308587,0.334966323352575
"gene 895","gene 895",0.531963884614535,0.973297437396087,0.0339076374104555,0.335325436392734
"gene 157","gene 157",0.513685406701744,0.785131421241046,-0.0143015885533557,0.335967702498515
"gene  86","gene  86",0.47689639580616,1.03173583546934,-0.0142561850192049,0.336259295616912
"gene 206","gene 206",0.560187821829357,0.582979846143503,-0.0142267472524075,0.336448405156631
"gene 886","gene 886",0.513286286952685,1.13774649583572,0.0337274438168832,0.336482403665212
"gene 549","gene 549",0.577143496300746,0.706180344171974,0.0336576750440867,0.336930784195716
"gene 679","gene 679",0.745445941324387,0.0762067710757798,0.0335670264278678,0.337513698708858
"gene 288","gene 288",0.652794858740862,0.237785484795579,-0.0138391677223093,0.338942076758778
"gene   1","gene   1",0.514158205685135,0.785131421241046,-0.0138287895699652,0.339008947109499
"gene 594","gene 594",0.468528571378056,1.10896253554671,-0.013774631080022,0.339357992958312
"gene 344","gene 344",0.539576580221863,0.914816942436784,0.0332288517177112,0.339691758832847
"gene 188","gene 188",0.466159678555028,1.61509396741676,0.033180329995655,0.340004711278845
"gene 338","gene 338",0.598861588539161,0.614817025105513,0.0331378831279414,0.340278572942971
"gene 580","gene 580",0.470061937687441,1.09587480929453,-0.0135803701956456,0.34061111661036
"gene 303","gene 303",0.478840670385183,1.02106670623109,-0.0135408424130479,0.340866315601107
"gene 645","gene 645",0.488861750452666,1.36977346617858,0.0329927364891596,0.341215676150194
"gene 729","gene 729",0.607348104364623,0.582979846143503,0.032933535282859,0.341598175770771
"gene  95","gene  95",0.543678431916806,0.886111538047373,0.0328997733244983,0.341816385028897
"gene 862","gene 862",0.521612792628301,0.748275385267589,-0.013362980857384,0.342015523929973
"gene 970","gene 970",0.543626685702143,0.886111538047373,0.0328480271098357,0.342150932159719
"gene 456","gene 456",0.530347381558604,0.977632883325488,0.0328359250981569,0.342229191393829
"gene 811","gene 811",0.548622880902645,0.854051658652557,0.0326665200367813,0.343325381264587
"gene 273","gene 273",0.508948835707691,1.17334240619278,0.0326638352182536,0.343342764890005
"gene 978","gene 978",0.507641604960302,0.825458273904466,-0.0131505349972966,0.343390109923544
"gene 487","gene 487",0.476817336156202,1.04197283234808,-0.0131431435667947,0.34343797205078
"gene 331","gene 331",0.476491780553564,1.04529465866304,-0.013077205010367,0.343865058553165
"gene 906","gene 906",0.516628521002327,0.776343103253079,-0.0129877711651269,0.344444643345982
"gene 227","gene 227",0.465186061918683,1.15306054526449,-0.0129682398486274,0.344571266620403
"gene  42","gene  42",0.63229742033181,0.317452308288252,-0.0128381873829282,0.345414851934138
"gene 908","gene 908",0.687534988318614,0.279701100957027,0.0323363163130435,0.345465856170276
"gene 801","gene 801",0.557280520372125,0.59929241344176,-0.0126704180007839,0.346504222721848
"gene  44","gene  44",0.518551896691581,1.0703893278914,0.0320406163093304,0.347386873717196
"gene 757","gene 757",0.563202841893125,0.767281887591477,0.0318826380832986,0.348414793291986
"gene 435","gene 435",0.726534265839065,0.137503523749935,0.0318806591895886,0.348427676474472
"gene 724","gene 724",0.456327553864549,1.70992312145785,0.0318254143148433,0.34878740745561
"gene 673","gene 673",0.522862866395863,0.748275385267589,-0.0121129070898216,0.350133372559391
"gene 672","gene 672",0.542530123433123,0.657293583944407,-0.0120790899672499,0.350353952045363
"gene 114","gene 114",0.505877402479633,1.19378481168635,0.0315558063054509,0.350544925270618
"gene 843","gene 843",0.631113060031398,0.486487843800437,0.031455432664928,0.351200060426424
"gene 573","gene 573",0.553902079537444,0.614817025105513,-0.0118216258737759,0.352034967653262
"gene 730","gene 730",0.47703398160546,1.05180909284208,-0.0117583161707336,0.352448769564647
"gene 749","gene 749",0.620081052356088,0.528493987166077,0.0312279990847099,0.352686145743502
"gene 451","gene 451",0.470185636909374,1.11400579901542,-0.0116199814107105,0.353353554075415
"gene 738","gene 738",0.546487801416436,0.643762005628246,-0.0115572232396981,0.353764300432104
"gene 260","gene 260",0.614955454055365,0.547674716092105,0.0310361683230359,0.35394134805123
"gene 624","gene 624",0.477301248506972,1.05180909284208,-0.0114910492692211,0.354197587326003
"gene 736","gene 736",0.46771535543101,1.14222387826317,-0.011431228593139,0.354589437321793
"gene  94","gene  94",0.457769397720117,1.24316437135707,-0.0112449389779671,0.35581069528707
"gene 881","gene 881",0.508835442386886,1.15306054526449,0.0306811406195754,0.356268577212101
"gene 789","gene 789",0.700823339199212,0.0762067710757798,-0.0110555756973063,0.357053621679556
"gene 136","gene 136",0.507231816746088,0.840117614412476,-0.0110545820058064,0.357060148003016
"gene 452","gene 452",0.486485677792358,0.977632883325488,-0.011025778668089,0.357249339471486
"gene 605","gene 605",0.488815492238133,0.959842874120326,-0.0109953672638533,0.357449131435938
"gene 629","gene 629",0.514102830497123,1.09587480929453,0.0304605226140366,0.357717450417017
"gene 866","gene 866",0.683716079614423,0.137503523749935,-0.0109375270350537,0.357829228692238
"gene 127","gene 127",0.601585834514789,0.438582963928918,-0.0108611249770416,0.358331521176533
"gene 630","gene 630",0.655818087543608,0.237785484795579,-0.0108159389195639,0.358628704785643
"gene 170","gene 170",0.559156390445638,0.59929241344176,-0.0107945479272709,0.358769420803837
"gene 252","gene 252",0.482091279896025,1.0174083497258,-0.0107107450475258,0.359320884447528
"gene 781","gene 781",0.629854479004997,0.486487843800437,0.0301968516385269,0.359451758585011
"gene 353","gene 353",0.506823546628377,1.16942421129065,0.0301736158782281,0.359604732403702
"gene 751","gene 751",0.563212677674723,0.757931778882259,0.0301081293026457,0.360035987620955
"gene 380","gene 380",0.518437332466271,1.05500374865958,0.0300309610129567,0.360544400284437
"gene 286","gene 286",0.519201937490858,1.04857306483045,0.0300222192160809,0.360602009979326
"gene 898","gene 898",0.519104720994468,0.776343103253079,-0.0105115711729866,0.360632719881157
"gene  27","gene  27",0.696601204957034,0.237785484795579,0.029967178493862,0.360964808859701
"gene 715","gene 715",0.460114194996119,1.64587859696536,0.0298899087538245,0.36147434056598
"gene 799","gene 799",0.617159060945567,0.383076607620891,-0.0103679637679122,0.361579592940271
"gene 458","gene 458",0.669348935348297,0.190795222358842,-0.0103383183012159,0.361775165659568
"gene 907","gene 907",0.6747793629731,0.317452308288252,0.0296437552583624,0.36309915933514
"gene 177","gene 177",0.589670116561329,0.486487843800437,-0.00998751080514071,0.364092190349263
"gene 244","gene 244",0.474586345059701,1.08767048291916,-0.00993740259137005,0.364423554876929
"gene 931","gene 931",0.56634301740917,0.738293754438733,0.0294019734928986,0.36469752351596
"gene 849","gene 849",0.506112973436696,0.854051658652557,-0.0098433874291679,0.365045548395554
"gene 544","gene 544",0.440608700609516,1.42577472133944,-0.00980484761963463,0.365300626109843
"gene 476","gene 476",0.656641453497082,0.383076607620891,0.0291144287836035,0.366601480247468
"gene 980","gene 980",0.470594219579314,1.13086835922298,-0.0096030846530531,0.366636975060015
"gene 900","gene 900",0.455104102197028,1.2835980930823,-0.00957204562253511,0.366842701790352
"gene 241","gene 241",0.510030921152741,0.832882916999337,-0.00948503722076754,0.367419597309494
"gene 169","gene 169",0.454191285972245,1.29406636409166,-0.00938458534064152,0.368085999963658
"gene 813","gene 813",0.534447607623964,0.706180344171974,-0.00903821363269508,0.370386881196954
"gene 207","gene 207",0.702989737524583,0.0762067710757798,-0.00888917737193573,0.371378334897461
"gene 747","gene 747",0.467792308270143,1.54378179493609,0.0283759915216133,0.371505951550668
"gene 727","gene 727",0.636271214808356,0.317452308288252,-0.00886439290638241,0.371543294886469
"gene 920","gene 920",0.471115373705685,1.5072746087324,0.0283544401518216,0.371649407297273
"gene 850","gene 850",0.550466640886413,0.817834290296441,0.0283487074621576,0.371687569696625
"gene 202","gene 202",0.62798604172038,0.486487843800437,0.0283284143539103,0.37182267063867
"gene 523","gene 523",0.517627893232392,0.793661583646047,-0.00879915596140968,0.37197761045557
"gene 662","gene 662",0.673389528417276,0.317452308288252,0.0282539207025374,0.372318745775268
"gene 754","gene 754",0.530293847297603,0.727966185217491,-0.00871449703967375,0.372541470890377
"gene 475","gene 475",0.67110632042987,0.190795222358842,-0.00858093321964304,0.373431611739088
"gene 590","gene 590",0.673119196171421,0.317452308288252,0.0279835884566825,0.37412074233965
"gene  35","gene  35",0.519549418471492,0.785131421241046,-0.00843757678360835,0.374387767726775
"gene 386","gene 386",0.585970854205416,0.643762005628246,0.027925829549282,0.374506113467899
"gene  43","gene  43",0.537580836430429,0.694669791191879,-0.00833643408410234,0.375062832843915
"gene 191","gene 191",0.455769731824752,1.67142498838407,0.027827468944045,0.375162670132621
"gene 345","gene 345",0.566118133799668,0.582979846143503,-0.00829643528209567,0.375329905940481
"gene 678","gene 678",0.525172260688302,0.977632883325488,0.0276608042278552,0.376275981645345
"gene 395","gene 395",0.437506035110451,1.47619765191032,-0.00813882788828096,0.376382835443563
"gene 711","gene 711",0.591562279359458,0.486487843800437,-0.00809534800701162,0.376673474324175
"gene 196","gene 196",0.485569885998924,1.00993033346662,-0.0080935408328725,0.376685555795021
"gene 700","gene 700",0.537432784299583,0.892099430730697,0.0275939279768519,0.376723001639084
"gene 704","gene 704",0.464885529660068,1.20758992541872,-0.00802709930056111,0.377129820006138
"gene 721","gene 721",0.501144103160456,0.897959071636251,-0.00778310624268219,0.378762681883723
"gene  55","gene  55",0.646946252298641,0.411913123446328,0.0272637457334421,0.378932446870093
"gene 151","gene 151",0.447347303336065,1.75823861170854,0.0271814396171149,0.379483825617055
"gene 806","gene 806",0.693741352104003,0.237785484795579,0.0271073256408313,0.379980534058324
"gene 732","gene 732",0.576798429642171,0.547674716092105,-0.00712085609015867,0.383205467490372
"gene 340","gene 340",0.72123567968105,0.137503523749935,0.0265820730315734,0.383506383820468
"gene  81","gene  81",0.497706251761088,1.22218390204023,0.0263822377281149,0.384850368361847
"gene 339","gene 339",0.61515845864764,0.528493987166077,0.0263054053762624,0.385367470807076
"gene 294","gene 294",0.528271770101717,0.748275385267589,-0.00670400338396737,0.386009914621748
"gene 859","gene 859",0.705262828303316,0.0762067710757798,-0.00661608659320323,0.386602156632636
"gene 407","gene 407",0.449935496390962,1.71737084961034,0.0260999104439367,0.386751506579622
"gene 128","gene 128",0.625589894006233,0.486487843800437,0.0259322666397628,0.387881678618699
"gene 230","gene 230",0.484272652798104,1.03860650615135,-0.00608195756631924,0.390205891153643
"gene 505","gene 505",0.538252022706957,0.873729554910392,0.0255032091390267,0.390778481214049
"gene 181","gene 181",0.580100672756321,0.657293583944407,0.0254914593559481,0.390857896588338
"gene 634","gene 634",0.613743652823262,0.411913123446328,-0.0059388537419367,0.391173022487864
"gene 216","gene 216",0.519013347449984,1.00993033346662,0.0253499206181874,0.391814896715171
"gene 716","gene 716",0.619246430368684,0.508143934037917,0.0252201756123462,0.392692730276116
"gene 723","gene 723",0.504311442182336,1.14222387826317,0.025164858158187,0.393067165480138
"gene 484","gene 484",0.649540431154481,0.279701100957027,-0.00565824085108912,0.393071423940717
"gene 242","gene 242",0.49548165473709,0.950475067856432,-0.00561828762278976,0.393341923478023
"gene 887","gene 887",0.478841418448682,1.39162831875731,0.0251236419549875,0.393346215871956
"gene 174","gene 174",0.488054938690942,1.00993033346662,-0.00560848814085491,0.393408277808617
"gene 369","gene 369",0.500314339464437,1.18471590567109,0.0251070749046027,0.393458396962405
"gene 185","gene 185",0.499604868999322,1.19199932883251,0.0251066993747431,0.393460939904399
"gene 842","gene 842",0.556409913155763,0.767281887591477,0.0250897093459367,0.39357599451668
"gene 619","gene 619",0.58867883286201,0.508143934037917,-0.0053474218943278,0.395177145841438
"gene 641","gene 641",0.55640788188193,0.629620565493792,-0.00534360940052059,0.395202993699743
"gene 381","gene 381",0.573781189576119,0.565803078301991,-0.00530409695630318,0.395470906399572
"gene 440","gene 440",0.531712694419392,0.738293754438733,-0.00522834949688011,0.395984647358277
"gene 528","gene 528",0.61872687660408,0.508143934037917,0.0247006218477422,0.396213376515761
"gene 256","gene 256",0.452169397608199,1.35580140440144,-0.00509108320138879,0.39691608660447
"gene 636","gene 636",0.704245449621069,0.190795222358842,0.0245581959715566,0.397179988742194
"gene  69","gene  69",0.453397597357091,1.3453447542971,-0.00491292266193261,0.398125896114721
"gene 335","gene 335",0.543733811697696,0.682708102873796,-0.004815143904774,0.398790285762055
"gene  70","gene  70",0.51348952483755,1.04857306483045,0.0243098065627727,0.398867260283926
"gene 610","gene 610",0.460135228287977,1.28240330564455,-0.00466707731194449,0.399796930458324
"gene 809","gene 809",0.502611403789942,0.909313250101302,-0.00457149954781688,0.400447079228549
"gene  90","gene  90",0.500982460710636,1.16543913989932,0.0239638149727275,0.401220675284106
"gene 364","gene 364",0.569819036105058,0.694669791191879,0.0239017655905271,0.401643113570773
"gene 555","gene 555",0.523655508992457,0.959842874120326,0.0238446494904705,0.402032067219474
"gene 262","gene 262",0.690428417992631,0.237785484795579,0.0237943915294595,0.402374398058294
"gene 546","gene 546",0.553084767187478,0.776343103253079,0.0234684750200239,0.404596176443773
"gene  16","gene  16",0.484289879832624,1.31973315278283,0.0233744712071497,0.405237577453722
"gene  33","gene  33",0.525828576219843,0.776343103253079,-0.00378771594761151,0.405788865247316
"gene 956","gene 956",0.477331008039974,1.12137815925347,-0.00376223829792455,0.405962805770161
"gene 989","gene 989",0.554586176926676,0.767281887591477,0.0232659731168493,0.405978191344998
"gene 777","gene 777",0.501813203381021,0.920210730332335,-0.00372245979931163,0.40623441788451
"gene 833","gene 833",0.507340651108798,1.09043598937032,0.0231180448041248,0.406988499967025
"gene 358","gene 358",0.511906701753816,1.05180909284208,0.0231144039776229,0.407013373619728
"gene 755","gene 755",0.70277835828877,0.190795222358842,0.0230911046392578,0.407172560542116
"gene 319","gene 319",0.754821349952343,0.00445103562468561,0.0230814616105952,0.407238448620099
"gene  23","gene  23",0.524088016649299,0.950475067856432,0.0229880742894196,0.407876673212749
"gene 534","gene 534",0.509405935150155,1.0703893278914,0.0228946547679042,0.408515362544695
"gene 237","gene 237",0.513815645826311,1.03173583546934,0.0226630650009468,0.410099737134111
"gene 393","gene 393",0.423197156344451,1.69038525882478,-0.00305161539085225,0.4108217178918
"gene 848","gene 848",0.476965146397872,1.13318319669448,-0.00301644635343939,0.411062549903737
"gene 879","gene 879",0.451478858286979,1.38656142011669,-0.002735016744214,0.412990935570229
"gene 470","gene 470",0.525580043539424,0.785131421241046,-0.00240695171567573,0.41524152203197
"gene 411","gene 411",0.485656740080935,1.05815800383164,-0.00236487216184378,0.415530398507395
"gene 140","gene 140",0.596280873857665,0.582979846143503,0.0218663047759012,0.415561675826426
"gene 603","gene 603",0.452415850409498,1.38435103340029,-0.00201493584279211,0.417934468570623
"gene 587","gene 587",0.518501516986311,0.981897404186249,0.0215175851929233,0.417957421911849
"gene 137","gene 137",0.560466264174265,0.727966185217491,0.0214579198369882,0.418367637986265
"gene 400","gene 400",0.440367674108414,1.51316140753171,-0.00185101958076261,0.419061638151009
"gene 785","gene 785",0.524789284061617,0.793661583646047,-0.0016377651321845,0.420529075202179
"gene 293","gene 293",0.479901098606162,1.33991484171914,0.021042295567676,0.421227611543807
"gene 443","gene 443",0.43618361503171,1.56370700402812,-0.0014234119386542,0.422005186686385
"gene 388","gene 388",0.524850338995995,0.930684339245868,0.0208736746988238,0.42238911250872
"gene  58","gene  58",0.492301499385967,1.00993033346662,-0.00136192744582936,0.422428793783263
"gene 844","gene 844",0.555540563550263,0.748275385267589,0.020564790064578,0.42451852831482
"gene 778","gene 778",0.414393727214525,1.81032829774073,-0.00104744067444806,0.424596893053442
"gene 201","gene 201",0.54025504196864,0.717270010221067,-0.000931558329501203,0.425396375263348
"gene 263","gene 263",0.686985126497152,0.237785484795579,0.0203511000339806,0.425992977502421
"gene 193","gene 193",0.43588980474417,1.80800310118697,0.0202362267301981,0.426786026008189
"gene 798","gene 798",0.561383693302367,0.717270010221067,0.0201970930042259,0.42705626048937
"gene 986","gene 986",0.54212626554951,0.817834290296441,0.0200083321252548,0.428360210654169
"gene 511","gene 511",0.496019316251404,0.986093119426937,-0.000452879051230592,0.428702040921963
"gene 616","gene 616",0.478699720575854,1.14222387826317,-0.000446863448295531,0.428743615849487
"gene 173","gene 173",0.517980268949708,0.973297437396087,0.0199240217456288,0.428942875970826
"gene 337","gene 337",0.534763757644099,0.748275385267589,-0.0002120158415857,0.430367303938219
"gene 804","gene 804",0.4935470040134,1.00993033346662,-0.000116422818396522,0.431028553373212
"gene 239","gene 239",0.497732572621269,1.15306054526449,0.0195782708539589,0.431333951718216
"gene 990","gene 990",0.612602884844045,0.438582963928918,0.000155925352213648,0.432913532488441
"gene 222","gene 222",0.674443845340089,0.279701100957027,0.0192451733345186,0.433639905160029
"gene 728","gene 728",0.490341591568735,1.04197283234808,0.00038111184573747,0.434473251324706
"gene 584","gene 584",0.509058156019081,1.04197283234808,0.0190976762960836,0.434661718254474
"gene 367","gene 367",0.598151789216622,0.565803078301991,0.0190665026841996,0.434877735351583
"gene 676","gene 676",0.494298418709405,1.00993033346662,0.00063499187760846,0.436232934177441
"gene 447","gene 447",0.575130492828802,0.582979846143503,0.000715923747037994,0.436794152953629
"gene 553","gene 553",0.507572434521354,1.05180909284208,0.0187801367451602,0.436863005473283
"gene 161","gene 161",0.562119810598323,0.706180344171974,0.0186339893416644,0.437876808274309
"gene 379","gene 379",0.498131453657947,1.13774649583572,0.0185726105221449,0.438302706032038
"gene 138","gene 138",0.584293642589163,0.614817025105513,0.0185699371779438,0.438321257565201
"gene 937","gene 937",0.557573078489112,0.727966185217491,0.0185647341518346,0.438357364083065
"gene 822","gene 822",0.451944984327091,1.41964019746922,0.000942624804733172,0.438366876117053
"gene 464","gene 464",0.56709658917483,0.682708102873796,0.0185476335723601,0.438476037555652
"gene 275","gene 275",0.698161151667735,0.190795222358842,0.0184738980182221,0.438987805908033
"gene 436","gene 436",0.471653841956616,1.22990329266647,0.00118449027199785,0.440045874577649
"gene   7","gene   7",0.579890068807801,0.629620565493792,0.0181385775253505,0.441316402664679
"gene 832","gene 832",0.628970745959469,0.383076607620891,0.00144372124599035,0.441846619156841
"gene 162","gene 162",0.663184834515086,0.317452308288252,0.0180492268003478,0.441937234940085
"gene  71","gene  71",0.487330376866413,1.07628556032768,0.00151912393814213,0.442370630389557
"gene 615","gene 615",0.536518959064119,0.748275385267589,0.00154318557843447,0.44253786809889
"gene 744","gene 744",0.497514918434585,1.13774649583572,0.017956075298783,0.44258462787645
"gene 685","gene 685",0.490458219859363,1.05180909284208,0.00166592208316951,0.443391093004758
"gene 864","gene 864",0.621454427555967,0.411913123446328,0.00177192099076784,0.444128174909981
"gene 579","gene 579",0.729557097230326,0.0762067710757798,0.0176781823338068,0.444516858575087
"gene 384","gene 384",0.502175396002219,1.08767048291916,0.0176516483511482,0.444701422985104
"gene 719","gene 719",0.482316088778132,1.2835980930823,0.0176399409585689,0.444782860786829
"gene 167","gene 167",0.4884108305381,1.0703893278914,0.00189955015584886,0.445015922851378
"gene 694","gene 694",0.57930968809308,0.629620565493792,0.0175581968106299,0.445351546074852
"gene1000","gene1000",0.696635926750302,0.137503523749935,0.00198232010082544,0.445591792031152
"gene 150","gene 150",0.508548691875409,1.03173583546934,0.0173961110500446,0.446479490857783
"gene 976","gene 976",0.517053828912956,0.959842874120326,0.0172429694109694,0.447545592203086
"gene 258","gene 258",0.514015801475713,0.879990113440741,0.00226769172880548,0.447578128600796
"gene 320","gene 320",0.520363551082887,0.935771529840587,0.017135758486562,0.448292171180114
"gene 958","gene 958",0.462506538978179,1.32764892436582,0.00240137072672275,0.448509060185999
"gene 901","gene 901",0.534031582530086,0.847171131583033,0.0169308715844577,0.449719438469477
"gene 911","gene 911",0.572531321395494,0.59929241344176,0.00258038302258501,0.449756133113885
"gene 537","gene 537",0.511436461314533,1.00222723436623,0.0168792046883927,0.450079459864844
"gene 205","gene 205",0.696522429521031,0.190795222358842,0.0168351758715181,0.450386290606496
"gene 686","gene 686",0.515603133637854,0.873729554910392,0.00285432006992414,0.451665447579169
"gene 790","gene 790",0.636182511300509,0.411913123446328,0.0165000047353102,0.452723011016654
"gene 383","gene 383",0.538610568257862,0.817834290296441,0.0164926348336066,0.452774410635399
"gene 925","gene 925",0.526278094172318,0.892099430730697,0.0164392378495871,0.453146838727566
"gene 968","gene 968",0.605232006080392,0.528493987166077,0.0163789528090138,0.453567358483746
"gene 902","gene 902",0.547653863149702,0.767281887591477,0.0163336593398747,0.453883338452427
"gene 472","gene 472",0.520279219496743,0.847171131583033,0.00317850855111412,0.453926451530831
"gene 854","gene 854",0.531166665449187,0.860766858928885,0.0163156559135291,0.454008943532928
"gene 656","gene 656",0.406506470785348,1.9396319188407,0.00321019103609094,0.454147497591367
"gene 701","gene 701",0.492733394151798,1.17139153717927,0.0162663634052829,0.454352867653539
"gene 497","gene 497",0.534845300035703,0.767281887591477,0.00352509622587638,0.456345326039816
"gene 834","gene 834",0.609987725546894,0.508143934037917,0.0159614707905569,0.456480917849899
"gene 689","gene 689",0.533287494782507,0.776343103253079,0.00367120261505272,0.457365509232059
"gene 280","gene 280",0.631344362189257,0.383076607620891,0.00381733747577773,0.458386172326802
"gene 361","gene 361",0.570235576319786,0.657293583944407,0.0156263629194133,0.45882129900736
"gene 236","gene 236",0.539044507329493,0.748275385267589,0.00406873384380801,0.460142661428417
"gene 657","gene 657",0.621198763056114,0.463364653773145,0.0154138841184593,0.460305988175601
"gene 246","gene 246",0.523373045390442,0.90369544285769,0.0153307202312608,0.460887245197136
"gene 210","gene 210",0.550175555416531,0.694669791191879,0.0042582849020002,0.461467558019745
"gene 109","gene 109",0.623961912781654,0.411913123446328,0.00427940621645551,0.461615215488091
"gene 663","gene 663",0.624033722720611,0.411913123446328,0.00435121615541223,0.462117272646709
"gene 699","gene 699",0.573152309285114,0.643762005628246,0.0151072846289795,0.462449313230774
"gene 823","gene 823",0.545681478084428,0.717270010221067,0.00449487778628732,0.463121859270405
"gene 614","gene 614",0.482172746542924,1.25970408656877,0.014950435007431,0.463546217323639
"gene 229","gene 229",0.53572713717785,0.825458273904466,0.0149349972202515,0.463654194271162
"gene 852","gene 852",0.504035646839516,0.964404804979531,0.00483149772778585,0.465476660945459
"gene 330","gene 330",0.58037941842674,0.614817025105513,0.0146557130155205,0.465608054181825
"gene 690","gene 690",0.559467702424698,0.657293583944407,0.00485848902432529,0.4656655301745
"gene 589","gene 589",0.497669238751217,1.0174083497258,0.00486721380766642,0.465726582736391
"gene 772","gene 772",0.503029729949262,1.05500374865958,0.0146233584959479,0.465834459467173
"gene 454","gene 454",0.541034305828282,0.793661583646047,0.0146072566344799,0.465947138625244
"gene 434","gene 434",0.694268106043153,0.190795222358842,0.0145808523936409,0.466131918671119
"gene  66","gene  66",0.671607966562797,0.237785484795579,0.00497394009962571,0.466473475710057
"gene 725","gene 725",0.53945291457579,0.80194720476545,0.014521234778917,0.466549156685027
"gene 760","gene 760",0.490186467006228,1.08204398926156,0.00503643677296622,0.466910895525737
"gene 448","gene 448",0.524272715088446,0.892099430730697,0.0144338587657156,0.467160730076015
"gene 195","gene 195",0.50558627482494,1.03173583546934,0.0144336939995757,0.467161883401994
"gene 874","gene 874",0.488729262462366,1.09587480929453,0.00508695457927982,0.467264503412548
"gene 232","gene 232",0.531562876892848,0.793661583646047,0.00513582769904619,0.467606623630113
"gene 774","gene 774",0.510742765023438,0.986093119426937,0.0142705697208038,0.468303850412057
"gene 163","gene 163",0.49504158553873,1.12378619273643,0.0141776742603669,0.468954291088354
"gene 766","gene 766",0.700071575486816,0.137503523749935,0.00541796883733936,0.469582119963177
"gene 446","gene 446",0.492043785604156,1.0703893278914,0.0055325052219054,0.470384297529633
"gene  40","gene  40",0.495971332370513,1.11149733471358,0.0139193563056885,0.470763426549023
"gene 985","gene 985",0.513728327931456,0.959842874120326,0.0139174684294697,0.470776650598652
"gene 896","gene 896",0.633593697838252,0.411913123446328,0.0139111912730535,0.470820620571062
"gene  49","gene  49",0.517414940450531,0.879990113440741,0.00566683070362384,0.471325224746739
"gene 638","gene 638",0.53728838217197,0.810000881429686,0.0137917867850386,0.4716570874501
"gene 954","gene 954",0.524276007628898,0.886111538047373,0.0134973490365912,0.473720245313477
"gene 856","gene 856",0.544811281454154,0.767281887591477,0.0134910776443271,0.473764197517982
"gene 437","gene 437",0.633164908418873,0.411913123446328,0.0134824018536739,0.473825001149808
"gene 975","gene 975",0.536919256008196,0.810000881429686,0.0134226606212647,0.474243709603392
"gene 927","gene 927",0.487651802521465,1.11648843304155,0.00608793041942851,0.474275970273163
"gene 503","gene 503",0.575085677373435,0.629620565493792,0.013334186090984,0.474863853294187
"gene 419","gene 419",0.446788258119802,1.60967130769205,0.0133225948291154,0.474945104361253
"gene 952","gene 952",0.472175656186098,1.27134631992746,0.00620010595681419,0.475062255665834
"gene 357","gene 357",0.633778517646056,0.383076607620891,0.0062514929325771,0.475422481158135
"gene 787","gene 787",0.59514182622263,0.528493987166077,0.00628877295125208,0.475683828706119
"gene 601","gene 601",0.538075771020369,0.80194720476545,0.0131440912234961,0.476196487527874
"gene 872","gene 872",0.556543114398003,0.706180344171974,0.0130572931413444,0.476805063137549
"gene 159","gene 159",0.530146760385759,0.847171131583033,0.0130460494401303,0.476883901152401
"gene 247","gene 247",0.545520759567044,0.727966185217491,0.00651241522976731,0.477251864470352
"gene  47","gene  47",0.541529710365348,0.748275385267589,0.00655393687966321,0.477543027061155
"gene 692","gene 692",0.466086797412634,1.39657293242133,0.0128516513998573,0.478247111897786
"gene 396","gene 396",0.581560272998857,0.582979846143503,0.00714570391709268,0.481693908099707
"gene 875","gene 875",0.493720391604192,1.0703893278914,0.00720911122194107,0.482138796973938
"gene 467","gene 467",0.63181389045557,0.411913123446328,0.0121313838903715,0.483300060932592
"gene 695","gene 695",0.498606648350231,1.0703893278914,0.0120953679679803,0.48355280344798
"gene   2","gene   2",0.601568631801505,0.508143934037917,0.00754237704516769,0.484477464831777
"gene 914","gene 914",0.498730514404146,1.03173583546934,0.00757793357878184,0.484727013077878
"gene  15","gene  15",0.577595222026102,0.614817025105513,0.0118715166148823,0.485123829403306
"gene 500","gene 500",0.497603598983868,1.04197283234808,0.00764311926087125,0.485184524564203
"gene 302","gene 302",0.607382904557473,0.486487843800437,0.00772527719100269,0.485761184985075
"gene 810","gene 810",0.607610052387065,0.486487843800437,0.00795242502059457,0.487355670044104
"gene  89","gene  89",0.493114300301205,1.11648843304155,0.0115504281991688,0.487377678251644
"gene 307","gene 307",0.487750018105566,1.13547577715954,0.00798119011388393,0.487557604208605
"gene  50","gene  50",0.427366296609203,1.80564343815798,0.0114973227883455,0.487750487296996
"gene 933","gene 933",0.557368970448281,0.694669791191879,0.0114516999337503,0.488070776081267
"gene 973","gene 973",0.653227282100353,0.317452308288252,0.00809167438561509,0.488333245325269
"gene  24","gene  24",0.516146558130078,0.90369544285769,0.00810423297089713,0.48842141416246
"gene 712","gene 712",0.509294024862232,0.950475067856432,0.00819408250235198,0.489052228270295
"gene 905","gene 905",0.569971705610645,0.629620565493792,0.00822021432819398,0.489235699372886
"gene 974","gene 974",0.530395167562458,0.817834290296441,0.00827723413820325,0.489636042338893
"gene 213","gene 213",0.565788302692258,0.657293583944407,0.0111790892918852,0.489984753656433
"gene  13","gene  13",0.602414737062248,0.508143934037917,0.00838848230591094,0.490417158839497
"gene 991","gene 991",0.653532977010537,0.317452308288252,0.00839736929579893,0.490479559464611
"gene 378","gene 378",0.471451743124082,1.29967126899856,0.0084612952107132,0.490928426549853
"gene 626","gene 626",0.522262673875784,0.867323912403277,0.0084801793342868,0.491061026977514
"gene 317","gene 317",0.539980437199934,0.767281887591477,0.00866023339010757,0.492325377006684
"gene 300","gene 300",0.52771559656106,0.847171131583033,0.0106148856154313,0.493946665415928
"gene 391","gene 391",0.628625556264605,0.411913123446328,0.00894304969940618,0.494311480345178
"gene 654","gene 654",0.527390938484585,0.840117614412476,0.00910453973269121,0.49544562524757
"gene 406","gene 406",0.510048256399047,0.959842874120326,0.0102373968970605,0.496597797927135
"gene 183","gene 183",0.689233578794592,0.190795222358842,0.0095463251450798,0.49854844629451
"gene 552","gene 552",0.637386535240161,0.383076607620891,0.00985951052668232,0.499251873637858
